Month,Hour,Dimensionless_Load
1,0,0.380
1,1,0.360
1,2,0.340
1,3,0.330
1,4,0.340
1,5,0.390
1,6,0.550
1,7,0.720
1,8,0.750
1,9,0.720
1,10,0.700
1,11,0.710
1,12,0.730
1,13,0.730
1,14,0.710
1,15,0.690
1,16,0.740
1,17,0.880
1,18,0.980
1,19,1.000
1,20,0.920
1,21,0.780
1,22,0.600
1,23,0.450
2,0,0.350
2,1,0.330
2,2,0.310
2,3,0.300
2,4,0.310
2,5,0.360
2,6,0.520
2,7,0.690
2,8,0.720
2,9,0.690
2,10,0.670
2,11,0.680
2,12,0.700
2,13,0.700
2,14,0.680
2,15,0.660
2,16,0.710
2,17,0.850
2,18,0.950
2,19,0.970
2,20,0.890
2,21,0.750
2,22,0.570
2,23,0.420
3,0,0.250
3,1,0.230
3,2,0.210
3,3,0.200
3,4,0.210
3,5,0.260
3,6,0.420
3,7,0.590
3,8,0.620
3,9,0.590
3,10,0.570
3,11,0.580
3,12,0.600
3,13,0.600
3,14,0.580
3,15,0.560
3,16,0.610
3,17,0.750
3,18,0.850
3,19,0.870
3,20,0.790
3,21,0.650
3,22,0.470
3,23,0.320
4,0,0.150
4,1,0.130
4,2,0.110
4,3,0.100
4,4,0.110
4,5,0.160
4,6,0.320
4,7,0.490
4,8,0.520
4,9,0.490
4,10,0.470
4,11,0.480
4,12,0.500
4,13,0.500
4,14,0.480
4,15,0.460
4,16,0.510
4,17,0.650
4,18,0.750
4,19,0.770
4,20,0.690
4,21,0.550
4,22,0.370
4,23,0.220
5,0,0.050
5,1,0.030
5,2,0.010
5,3,0.000
5,4,0.010
5,5,0.060
5,6,0.220
5,7,0.390
5,8,0.420
5,9,0.390
5,10,0.370
5,11,0.380
5,12,0.400
5,13,0.400
5,14,0.380
5,15,0.360
5,16,0.410
5,17,0.550
5,18,0.650
5,19,0.670
5,20,0.590
5,21,0.450
5,22,0.270
5,23,0.120
6,0,0.120
6,1,0.100
6,2,0.080
6,3,0.070
6,4,0.080
6,5,0.130
6,6,0.290
6,7,0.460
6,8,0.520
6,9,0.560
6,10,0.600
6,11,0.630
6,12,0.650
6,13,0.640
6,14,0.620
6,15,0.580
6,16,0.550
6,17,0.600
6,18,0.650
6,19,0.700
6,20,0.640
6,21,0.520
6,22,0.340
6,23,0.190
7,0,0.200
7,1,0.180
7,2,0.160
7,3,0.150
7,4,0.160
7,5,0.210
7,6,0.370
7,7,0.540
7,8,0.600
7,9,0.660
7,10,0.720
7,11,0.750
7,12,0.780
7,13,0.770
7,14,0.750
7,15,0.700
7,16,0.660
7,17,0.680
7,18,0.720
7,19,0.760
7,20,0.700
7,21,0.580
7,22,0.420
7,23,0.270
8,0,0.180
8,1,0.160
8,2,0.140
8,3,0.130
8,4,0.140
8,5,0.190
8,6,0.320
8,7,0.450
8,8,0.550
8,9,0.620
8,10,0.680
8,11,0.710
8,12,0.740
8,13,0.730
8,14,0.710
8,15,0.660
8,16,0.620
8,17,0.650
8,18,0.700
8,19,0.740
8,20,0.680
8,21,0.560
8,22,0.400
8,23,0.250
9,0,0.140
9,1,0.120
9,2,0.100
9,3,0.090
9,4,0.100
9,5,0.150
9,6,0.310
9,7,0.480
9,8,0.510
9,9,0.480
9,10,0.460
9,11,0.470
9,12,0.490
9,13,0.490
9,14,0.470
9,15,0.450
9,16,0.500
9,17,0.640
9,18,0.740
9,19,0.760
9,20,0.680
9,21,0.540
9,22,0.360
9,23,0.210
10,0,0.200
10,1,0.180
10,2,0.160
10,3,0.150
10,4,0.160
10,5,0.210
10,6,0.370
10,7,0.540
10,8,0.570
10,9,0.540
10,10,0.520
10,11,0.530
10,12,0.550
10,13,0.550
10,14,0.530
10,15,0.510
10,16,0.560
10,17,0.700
10,18,0.800
10,19,0.820
10,20,0.740
10,21,0.600
10,22,0.420
10,23,0.270
11,0,0.300
11,1,0.280
11,2,0.260
11,3,0.250
11,4,0.260
11,5,0.310
11,6,0.470
11,7,0.640
11,8,0.670
11,9,0.640
11,10,0.620
11,11,0.630
11,12,0.650
11,13,0.650
11,14,0.630
11,15,0.610
11,16,0.660
11,17,0.800
11,18,0.900
11,19,0.920
11,20,0.840
11,21,0.700
11,22,0.520
11,23,0.370
12,0,0.370
12,1,0.350
12,2,0.330
12,3,0.320
12,4,0.330
12,5,0.380
12,6,0.540
12,7,0.710
12,8,0.740
12,9,0.710
12,10,0.690
12,11,0.700
12,12,0.720
12,13,0.720
12,14,0.700
12,15,0.680
12,16,0.730
12,17,0.870
12,18,0.970
12,19,0.990
12,20,0.910
12,21,0.770
12,22,0.590
12,23,0.440
